src,des,value
brienne,jaime,74
jon,ygritte,59
jon,mance,37
arya,gendry,34
jojen,meera,33
grenn,sam,32
jon,sam,26
hodor,meera,25
hodor,jojen,25
cleos,jaime,24
craster,sam,24
jon,satin,23
jon,tormund,22
jaime,qyburn,21
melisandre,stannis,20
grenn,jon,20
davos,melisandre,19
arya,sandor,18
arya,tom,17
davos,stannis,17
gregor,oberyn,17
petyr,sansa,16
brienne,cleos,15
jaime,steelshanks,15
jaime,robert,15
gendry,hot,15
lem,tom,14
catelyn,walder,14
aerys,jaime,14
sam,small,13
jarl,jon,13
arya,clegane,13
arstan,jorah,13
jon,qhorin,13
arya,thoros,13
margaery,sansa,13
arya,ned,12
jon,rattleshirt,12
gilly,sam,12
clydas,jon,12
axell,davos,12
lysa,sansa,12
mormont,sam,11
janos,jon,11
sansa,tyrion,10
catelyn,edmure,10
arya,hot,10
robert,sansa,10
lysa,robert,10
davos,salladhor,10
mance,ygritte,10
jaime,loras,9
gendry,thoros,9
jon,stannis,9
bannen,sam,9
catelyn,hoster,9
clegane,sandor,9
gendry,tom,9
sam,stannis,9
merrett,petyr,9
craster,gilly,9
jon,styr,9
catelyn,jeyne,9
dalla,jon,8
jaime,vargo,8
jon,val,8
arya,harwin,8
tyrion,tywin,8
jaime,tywin,8
harma,jon,8
jon,melisandre,8
sandor,tickler,8
sam,samwell,8
jaime,renly,8
cersei,sansa,8
catelyn,roslin,8
arstan,kraznys,8
cersei,jaime,8
brienne,catelyn,8
arya,frey,8
kevan,tywin,8
denys,sam,8
alliser,jon,7
arstan,belwas,7
sansa,tywin,7
axell,stannis,7
donal,jon,7
barristan,jaime,7
sansa,shae,7
aemon,jon,7
dontos,sansa,7
arya,lem,7
gregor,jaime,7
jaime,sansa,7
anguy,tom,6
bronn,tyrion,6
anguy,arya,6
oberyn,tywin,6
robert,thoros,6
cersei,tywin,6
jaime,tyrion,6
davos,edric,6
loras,sansa,6
bronn,lollys,6
mace,tywin,6
rattleshirt,ygritte,6
robert,tywin,6
gendry,harwin,6
clegane,thoros,6
belwas,jorah,6
rhaegar,viserys,6
dick,jon,6
arya,sansa,6
daario,jorah,6
catelyn,grey,6
alester,davos,6
catelyn,ned,6
catelyn,jaime,6
arya,jon,6
jon,owen,6
jon,robert,6
jaime,urswyck,6
jon,kegs,6
tormund,ygritte,6
jaime,robin,6
davos,pylos,5
desmond,utherydes,5
shae,varys,5
lollys,shae,5
frey,walder,5
meera,sam,5
butterbumps,sansa,5
olenna,sansa,5
lysa,petyr,5
lark,small,5
davos,devan,5
melisandre,sam,5
jojen,jon,5
chett,small,5
stannis,tywin,5
janos,sam,5
aegon,davos,5
edric,stannis,5
loras,margaery,5
mace,sansa,5
grigg,jarl,5
bronn,oberyn,5
anguy,harwin,5
balon,jaime,5
jaime,meryn,5
craster,jon,5
mance,qhorin,5
kevan,lancel,5
barristan,robert,5
denys,jon,5
harwin,tom,5
gregor,tywin,5
brienne,qyburn,5
jarl,styr,5
gilly,jon,4
irri,jorah,4
jhiqui,jorah,4
daario,tyroshi,4
irri,jhiqui,4
roslin,walder,4
boros,jaime,4
dickon,sam,4
hoster,jaime,4
lem,thoros,4
jorah,viserys,4
pyat,xaro,4
catelyn,theon,4
bowen,othell,4
brella,shae,4
redwyne,rowan,4
andrew,davos,4
jack,tom,4
jojen,sam,4
queen,stannis,4
edmure,roslin,4
meera,old,4
aerys,rossart,4
bryen,petyr,4
axell,melisandre,4
gendry,jack-be-lucky,4
cersei,kevan,4
alliser,janos,4
loras,olenna,4
lollys,tanda,4
arya,mycah,4
jaime,roose,4
catelyn,roose,4
podrick,tyrion,4
bronn,tywin,4
anguy,lem,4
addam,tywin,4
jaime,tommen,4
oberyn,tyrion,4
catelyn,lothar,4
shae,symon,4
grazdan,kraznys,4
renly,stannis,4
cersei,robert,4
jon,old,4
catelyn,frey,4
jaime,shagwell,4
ben,brown,4
catelyn,lysa,4
catelyn,desmond,4
arya,roose,4
clegane,oberyn,4
clegane,tickler,4
lothor,sansa,4
craster,mormont,4
chett,sam,4
dontos,florian,4
catelyn,marq,4
jon,varamyr,4
oberyn,sansa,4
ellaria,oberyn,3
rhaegar,robert,3
gregor,red,3
elia,oberyn,3
dornish,oberyn,3
orell,ygritte,3
craster,dirk,3
gendry,lem,3
brynden,catelyn,3
dirk,ollo,3
bowen,jon,3
alliser,mance,3
garlan,loras,3
harma,mance,3
cersei,tyrion,3
dontos,petyr,3
jon,theon,3
catelyn,mother,3
aegon,jorah,3
brown,daario,3
davos,robert,3
owen,satin,3
elia,jaime,3
arya,sharna,3
hodor,old,3
mace,stannis,3
davos,florent,3
hodor,sam,3
mother,sansa,3
jon,orell,3
jason,tytos,3
barristan,viserys,3
jhiqui,missandei,3
margaery,willas,3
axell,porridge,3
arya,catelyn,3
azor,stannis,3
elinor,megga,3
robert,stannis,3
edric,robert,3
jon,mag,3
chett,sweet,3
jarl,ygritte,3
cleon,ghael,3
catelyn,robin,3
thoros,tom,3
harwin,thoros,3
catelyn,dacey,3
oswell,sansa,3
boros,meryn,3
boros,loras,3
jaime,myrcella,3
aerys,brienne,3
dirk,sam,3
dalla,val,3
mance,styr,3
mance,varamyr,3
husband,lem,3
bowen,janos,3
jorah,mero,3
jack-be-lucky,lem,3
craster,giant,3
clydas,sam,3
bronn,tanda,3
pycelle,tywin,3
cotter,denys,3
alester,stannis,3
grey,jorah,3
arryn,lysa,3
brown,jorah,3
moon,sansa,3
petyr,robert,3
black,edwyn,3
mance,sam,3
brienne,sansa,3
clubfoot,craster,3
salladhor,stannis,3
kevan,willem,3
grey,walder,3
dale,davos,3
kevan,sansa,3
brienne,vargo,3
bronn,mandon,3
gregor,tickler,3
rorge,zollo,3
clegane,gregor,3
errok,grigg,3
catelyn,maege,3
daenerys,jorah,3
brienne,renly,3
aerys,tywin,3
chett,mance,3
gregor,tyrion,3
meryn,tickler,3
anguy,thoros,3
ghost,jon,3
janos,stannis,3
robb,tywin,3
aerys,robert,3
arya,robb,3
blane,chett,3
jaime,tarth,3
frey,jaime,3
bannen,craster,3
beric,clegane,3
ned,robert,3
brienne,rorge,3
mance,rattleshirt,3
dacey,maege,3
arstan,jhogo,3
brienne,urswyck,3
jon,septon,3
donal,kegs,3
arthur,jaime,3
jon,ned,3
craster,garth,3
bronn,podrick,3
jaime,walton,3
barristan,jorah,3
mycah,sandor,3
catelyn,tywin,3
red,tyrion,2
genna,kevan,2
arya,beric,2
mully,satin,2
donal,robert,2
grey,jeyne,2
bastard,jon,2
cressen,pylos,2
hoster,jon,2
frey,jeyne,2
jeyne,kevan,2
aenys,jaime,2
balon,meryn,2
grenn,mance,2
martyn,tywin,2
rattleshirt,tormund,2
brienne,roose,2
bronn,gregor,2
harma,styr,2
kegs,mance,2
kegs,satin,2
tarth,vargo,2
hoster,lothar,2
frey,lothar,2
tywin,walder,2
clegane,dondarrion,2
catelyn,rickon,2
jon,joramun,2
harwin,mycah,2
harren,jaime,2
brynden,rickard,2
shagga,timett,2
jon,spare,2
clegane,gendry,2
grenn,satin,2
bronn,sansa,2
old,tormund,2
addam,podrick,2
jack-be-lucky,thoros,2
lothar,walder,2
grenn,spare,2
eddard,edmure,2
grenn,owen,2
jack,thoros,2
andrew,edric,2
blane,sam,2
pylos,stannis,2
tywin,willas,2
arya,jack-be-lucky,2
arstan,rhaegar,2
fingers,petyr,2
mormont,thoren,2
mace,rowan,2
ashford,mace,2
jon,rast,2
aegon,baelor,2
balon,tywin,2
robert,viserys,2
thoros,tywin,2
robert,tyrion,2
jon,tywin,2
melisandre,queen,2
rhaegar,tywin,2
arya,greenbeard,2
greenbeard,tom,2
emmon,robar,2
jaime,stannis,2
amory,oberyn,2
mallador,sam,2
ottyn,sam,2
balon,brienne,2
daenerys,rhaegar,2
dywen,sam,2
blood,jorah,2
catelyn,loras,2
aerys,maegor,2
jojen,old,2
catelyn,galbart,2
brienne,loras,2
melisandre,robert,2
grandison,robert,2
alester,lamprey,2
kevan,robert,2
davos,porridge,2
aegon,torrhen,2
sandor,thoros,2
lothor,marillion,2
arya,carellen,2
alla,sansa,2
elinor,sansa,2
jon,othell,2
catelyn,petyr,2
loras,renly,2
catelyn,robb,2
loras,stannis,2
jaime,robb,2
jenny,petyr,2
garlan,sansa,2
ned,sansa,2
gerald,stannis,2
dontos,willas,2
lysa,tywin,2
hot,sharna,2
dornish,tywin,2
beric,harwin,2
elia,rhaegar,2
elia,robert,2
margaery,tywin,2
aegon,elia,2
lothar,roslin,2
devan,marya,2
jarman,qhorin,2
davos,lamprey,2
loras,willas,2
sansa,willas,2
gendry,yoren,2
florian,jonquil,2
mormont,robert,2
leo,loras,2
catelyn,edwyn,2
butterbumps,margaery,2
alerie,sansa,2
renly,robert,2
daario,missandei,2
jon,samwell,2
black,ryman,2
alla,megga,2
ryman,stevron,2
ben,daario,2
baelor,sansa,2
sansa,tallad,2
balon,sansa,2
arya,bella,2
davos,mother,2
lothar,merrett,2
brown,grey,2
arya,gregor,2
alayaya,tywin,2
bronn,timett,2
stannis,ygritte,2
arstan,mero,2
redwyne,tywin,2
jon,sansa,2
daario,sallor,2
maegor,meryn,2
janos,pycelle,2
harwin,lem,2
ilyn,sansa,2
captain,viserys,2
mance,val,2
mance,sansa,2
osmund,sansa,2
roslin,tully,2
benjen,jon,2
benjen,robert,2
arya,tickler,2
dalla,tormund,2
craster,mance,2
frey,stevron,2
sansa,tysha,2
mance,tormund,2
merrett,sumner,2
bowen,mormont,2
errok,jon,2
eddard,robert,2
chett,lark,2
arya,robert,2
del,jon,2
rattleshirt,weeper,2
catelyn,ryman,2
gilly,mance,2
brienne,steelshanks,2
jon,queen,2
jon,quort,2
butterbumps,loras,2
bronn,cersei,2
mandon,tyrion,2
bronn,kevan,2
bronn,stannis,2
arstan,missandei,2
dywen,grenn,2
ned,rickon,2
stannis,tyrion,2
desmond,robin,2
desmond,edmure,2
baelor,margaery,2
brienne,walton,2
qyburn,vargo,2
vargo,zollo,2
brienne,hoster,2
merrett,walder,2
nage,steelshanks,2
catelyn,tyrion,2
addam,tyrion,2
marillion,sansa,2
balon,catelyn,2
catelyn,jason,2
giant,qhorin,2
galbart,maege,2
jason,raynald,2
jaime,lewyn,2
lysa,marillion,2
qyburn,steelshanks,2
harma,thoren,2
hoster,mother,2
catelyn,utherydes,2
harwin,ned,2
gendry,ned,2
osfryd,osney,2
alayaya,shae,2
chella,shagga,2
catelyn,jon,2
bowen,melisandre,2
merrit,ned,2
denys,mance,2
rorge,shagwell,2
bowen,stannis,2
janos,othell,2
dunsen,gregor,2
jaqen,syrio,2
aerys,cersei,2
kevan,oberyn,2
roose,walton,2
aemon,sam,2
grenn,samwell,2
arya,jaime,2
brienne,robb,2
arya,knight,2
aenys,danwell,2
cotter,samwell,2
danwell,walder,2
hoster,lysa,2
big,jon,2
bannen,kedge,2
groleo,illyrio,2
catelyn,sansa,2
joanna,kevan,2
dornish,jaime,2
anguy,sharna,2
arya,old,2
irri,missandei,2
aegon,missandei,2
roose,ryman,2
bronn,chataya,2
lollys,tyrion,2
kegs,spare,2
balon,varys,2
high,missandei,2
bronn,shae,2
frey,sandor,2
tyrion,varys,2
boros,bronn,2
chett,craster,2
pycelle,tyrion,2
kraznys,missandei,2
cersei,lysa,2
barristan,jon,2
daario,drogo,2
brienne,cersei,2
jon,meera,2
dagos,oberyn,2
anguy,husband,2
arson,jon,2
bronn,symon,2
sansa,tanda,2
septon,tywin,2
dornish,mace,2
shireen,stannis,2
dick,satin,2
raynald,rollam,2
donal,satin,2
ilyn,tyrion,2
catelyn,rolph,2
bowen,jarl,2
catelyn,merrett,2
gendel,ygritte,2
brandon,rickard,2
gorne,jon,2
catelyn,mormont,2
desmond,sansa,2
flement,gyles,2
myrcella,tommen,2
gendel,jon,2
mace,oberyn,2
baelor,elia,2
aegon,jaime,2
jorah,robert,2
hodor,rickon,2
daario,oznak,2
sweet,ulmer,2
donal,mag,2
brown,scarb,2
gendry,sandor,2
benjen,jojen,2
harma,tormund,2
lancel,sansa,2
robin,wendel,2
mag,tormund,2
garlan,willas,2
jaime,kevan,2
davos,queen,2
margaery,tyrion,2
groleo,irri,2
dalla,mance,2
alerie,margaery,2
harwin,jack,2
cotter,janos,2
brandon,jojen,2
frey,petyr,2
brandon,jon,2
craster,ulmer,2
jorah,rhaegar,2
hightower,lynesse,2
janos,tormund,2
aegon,sansa,2
davos,shireen,2
brandon,old,2
grenn,sky,1
arstan,rakharo,1
nissa,stannis,1
old,young,1
belwas,oznak,1
florian,spare,1
easy,satin,1
belwas,daario,1
bastard,mero,1
bastard,mormont,1
jorah,oznak,1
arstan,knight,1
owen,torrhen,1
clydas,septon,1
dornish,jon,1
brown,jhiqui,1
dornish,satin,1
owen,styr,1
stone,ygritte,1
dornish,meera,1
aegon,sunset,1
aegon,jojen,1
dick,owen,1
gilly,jojen,1
hodor,ryswell,1
aegon,rickon,1
craster,jojen,1
jorah,tyroshi,1
brown,dornish,1
clydas,satin,1
grey,jhogo,1
jhiqui,rakharo,1
ned,theon,1
meera,samwell,1
aegon,brown,1
hodor,queen,1
melisandre,pylos,1
marq,robin,1
belwas,brown,1
hairy,old,1
arstan,tyroshi,1
oznak,scarb,1
davos,jon,1
jeor,rodrik,1
big,quort,1
runcel,tristan,1
danny,symeon,1
jhogo,rakharo,1
daario,daenerys,1
prendahl,sallor,1
black,old,1
benjen,old,1
dornish,young,1
dacey,jorah,1
azor,edric,1
walda,walder,1
lucias,lythene,1
jeyne,jon,1
grey,theon,1
edmure,jon,1
lysa,roslin,1
jason,walder,1
catelyn,tully,1
benfrey,walder,1
frey,rosby,1
benfrey,roslin,1
marissa,sarra,1
bastard,blind,1
arwyn,marianne,1
frey,queen,1
frey,ryman,1
benfrey,queen,1
jon,tristifer,1
aegon,walder,1
aegon,stevron,1
jon,robin,1
edmure,edwyn,1
jeyne,queen,1
damon,leslyn,1
donnel,harys,1
perwyn,roslin,1
catelyn,hosteen,1
clegane,tully,1
catelyn,glover,1
glover,robett,1
gregor,kyle,1
catelyn,gregor,1
gregor,wylis,1
aenys,wylis,1
of,theon,1
roose,theon,1
boros,jon,1
catelyn,walda,1
leobald,ramsay,1
rodrik,roose,1
catelyn,ramsay,1
cley,leobald,1
rodrik,wendel,1
benfrey,catelyn,1
bethany,edmure,1
brenett,walder,1
aegon,jon,1
lothar,perwyn,1
petyr,ryman,1
green,roslin,1
mother,ryman,1
dunsen,queen,1
sam,sandor,1
chett,hake,1
lark,sam,1
grenn,mormont,1
dareon,sam,1
sam,septon,1
mother,sam,1
halder,sam,1
bannen,dywen,1
howland,jon,1
galbart,howland,1
galbart,roose,1
maege,victarion,1
howland,jason,1
euron,jason,1
galbart,robett,1
euron,victarion,1
euron,theon,1
balon,jason,1
euron,galbart,1
catelyn,jorah,1
arya,meryn,1
ned,tickler,1
frey,raynald,1
gendry,gregor,1
frey,jon,1
grenn,orell,1
jon,rickon,1
balon,grenn,1
craster,grenn,1
garth,grenn,1
clydas,ygritte,1
donal,ygritte,1
denys,ottyn,1
bowen,thoren,1
ben,jaremy,1
dirk,donal,1
clydas,qhorin,1
clydas,samwell,1
donal,wynton,1
jon,weeper,1
harma,qhorin,1
jarman,jon,1
brown,jon,1
dondarrion,gregor,1
hot,lommy,1
arya,donnel,1
gendry,roose,1
arya,yoren,1
davos,tyroshi,1
balon,stannis,1
aerys,stannis,1
robert,selyse,1
delena,stannis,1
axell,queen,1
aegon,queen,1
melisandre,walder,1
davos,frey,1
renly,varys,1
arya,jacelyn,1
arya,joy,1
daven,frey,1
edmure,robb,1
amory,tywin,1
elia,ned,1
brandon,hallis,1
amory,rhaegar,1
oberyn,vargo,1
blue,glover,1
amory,elia,1
edmure,galbart,1
axell,husband,1
andrew,salladhor,1
jon,oberyn,1
butterwell,septon,1
roro,tyroshi,1
davos,mormont,1
daeron,davos,1
ashford,rhaegar,1
grandison,silveraxe,1
edric,pylos,1
devan,silveraxe,1
edric,grandison,1
devan,selyse,1
davos,princess,1
edric,florent,1
devan,robert,1
dale,devan,1
devan,pylos,1
pylos,shireen,1
cressen,stannis,1
davos,patchface,1
devan,princess,1
pylos,red,1
maegor,septon,1
baelor,otto,1
doran,lewyn,1
ilyn,tywin,1
arya,walder,1
marq,walder,1
catelyn,jory,1
aenys,marq,1
jeyne,ned,1
hosteen,roslin,1
robin,ryman,1
mother,walder,1
petyr,roose,1
petyr,roslin,1
fat,wendel,1
alyx,patrek,1
frey,whalen,1
shirei,walder,1
sarra,serra,1
fat,roose,1
edmure,frey,1
hammer,jeyne,1
corbray,raymar,1
alyx,roslin,1
catelyn,clegane,1
old,roslin,1
green,sedgekins,1
desmond,ned,1
alyx,frey,1
frey,kevan,1
edmure,patrek,1
dornish,robb,1
jonos,walder,1
frey,robb,1
grey,petyr,1
frey,mycah,1
frey,tom,1
clegane,syrio,1
aegon,ned,1
ned,walder,1
black,catelyn,1
dacey,walder,1
dacey,lynesse,1
harys,young,1
black,lucas,1
catelyn,raymund,1
alesander,roslin,1
catelyn,perwyn,1
dacey,edwyn,1
merrett,whalen,1
frey,roslin,1
alyx,fat,1
donnel,owen,1
gunthor,timett,1
gyles,robb,1
jaime,rakharo,1
cersei,ned,1
margaery,robert,1
gregor,pycelle,1
boros,clegane,1
arya,ramsay,1
jonos,stone,1
gawen,ilyn,1
rolph,tommen,1
addam,roose,1
emmon,jaime,1
edmure,jaime,1
barristan,missandei,1
addam,mother,1
missandei,mother,1
daario,irri,1
aegon,irri,1
aegon,jaehaerys,1
drogo,willem,1
rhaego,varys,1
drogo,robert,1
barristan,brown,1
barristan,jaehaerys,1
barristan,drogo,1
captain,eroeh,1
myrcella,robb,1
ilyn,myrcella,1
ghael,great,1
bael,gorne,1
queen,sandor,1
gregor,lysa,1
randyll,tickler,1
arya,polliver,1
sandor,sansa,1
owen,tormund,1
tormund,val,1
harma,val,1
val,varamyr,1
ghost,varamyr,1
dalla,long,1
mance,raymun,1
donyse,renly,1
mance,orell,1
grey,jon,1
easy,jon,1
munda,torwynd,1
munda,tormund,1
styr,tormund,1
aemon,alliser,1
brienne,gerold,1
ned,steelshanks,1
brienne,gregor,1
arya,steelshanks,1
cleon,missandei,1
great,mother,1
arya,michael,1
glendon,rattleshirt,1
doran,myrcella,1
dornish,tyrion,1
podrick,tywin,1
meryn,shae,1
boros,oswald,1
oberyn,shae,1
mord,sansa,1
gregor,mormont,1
jon,mormont,1
janos,mance,1
benjen,qhorin,1
qhorin,rattleshirt,1
dornish,symon,1
glendon,jon,1
mormont,ygritte,1
alliser,ygritte,1
alliser,mord,1
cotter,mance,1
ned,wynton,1
mully,owen,1
jon,mully,1
kegs,owen,1
owen,tim,1
jon,zei,1
ilyn,kevan,1
daemon,red,1
grazdan,missandei,1
elia,gregor,1
cleon,grazdan,1
great,missandei,1
brown,missandei,1
daario,grey,1
ben,grey,1
grey,groleo,1
missandei,viserys,1
dornish,ellaria,1
clegane,red,1
ellaria,tyrion,1
cersei,clegane,1
ellaria,gregor,1
doran,sansa,1
clegane,grey,1
cersei,elia,1
elia,rhaella,1
arron,squire,1
oberyn,rhaegar,1
baelor,leyton,1
baelor,squire,1
elia,mellario,1
oberyn,tommen,1
queen,varys,1
doran,oberyn,1
sansa,tickler,1
gilly,samwell,1
bowen,weeper,1
alayne,maegor,1
myranda,robert,1
moon,myranda,1
colemon,lysa,1
lothor,petyr,1
eddard,sansa,1
arya,hullen,1
petyr,royce,1
jon,lysa,1
jon,moon,1
moon,robert,1
sky,stone,1
giant,sweet,1
brandon,lysa,1
halder,spare,1
ben,stannis,1
alliser,cotter,1
alliser,othell,1
grenn,janos,1
robb,ygritte,1
janos,ygritte,1
mance,stannis,1
catelyn,emmett,1
emmett,jon,1
emmett,grenn,1
lysa,septon,1
moon,queen,1
donal,qhorin,1
edwyn,ryman,1
lothar,ryman,1
merrett,robb,1
jared,tytos,1
garse,kyra,1
aegon,merrett,1
merrett,thoros,1
merrett,sandor,1
dondarrion,merrett,1
black,jenny,1
edwyn,wenda,1
black,merrett,1
leslyn,roslin,1
alayne,petyr,1
merrett,walda,1
merrett,roslin,1
roose,walda,1
gregor,pate,1
aerys,merrett,1
darry,walder,1
jaime,merrett,1
sumner,walder,1
merrett,septon,1
frey,merrett,1
catelyn,robert,1
denys,satin,1
othell,sam,1
gilly,val,1
long,watt,1
jon,robb,1
cersei,jon,1
mormont,othell,1
jon,randyll,1
janos,ned,1
qhorin,stannis,1
mikken,ygritte,1
sam,satin,1
grenn,stannis,1
clydas,janos,1
clydas,othell,1
jon,watt,1
jon,roose,1
aemon,tommen,1
bowen,denys,1
clydas,stannis,1
emrick,sam,1
arron,hop-robin,1
alliser,sam,1
randyll,sam,1
sam,ygritte,1
gilly,grenn,1
rast,red,1
harma,sam,1
balon,torrhen,1
stannis,theon,1
denys,samwell,1
brandon,stannis,1
cotter,sam,1
othell,stannis,1
coldhands,craster,1
aemon,samwell,1
melisandre,rolland,1
aemon,aerys,1
randyll,stannis,1
samwell,stannis,1
cotter,garrison,1
cotter,stannis,1
denys,janos,1
denys,jeor,1
jaime,septon,1
bowen,sam,1
samwell,tywin,1
tysha,tywin,1
lester,lum,1
lum,varys,1
eddard,maegor,1
sansa,varys,1
jaime,tysha,1
moon,osmund,1
aerys,lancel,1
brandon,tyrion,1
endrew,jon,1
grenn,watt,1
maegor,sansa,1
garlan,tyrion,1
dontos,lothor,1
dontos,jonquil,1
old,sansa,1
dontos,shae,1
ilyn,loras,1
garlan,mace,1
buckler,queen,1
ilyn,robb,1
ilyn,margaery,1
garlan,margaery,1
olenna,queen,1
gyles,moon,1
red,rowan,1
gyles,sansa,1
cersei,tommen,1
galyeon,rowan,1
galyeon,sansa,1
galyeon,garlan,1
dontos,galyeon,1
collio,tywin,1
collio,high,1
collio,symon,1
butterbumps,collio,1
hamish,moon,1
hoster,sansa,1
jaime,nage,1
queen,renly,1
brienne,clegane,1
davos,lewys,1
davos,omer,1
davos,gerald,1
edric,sunglass,1
sunglass,triston,1
bastard,gerald,1
axell,devan,1
melisandre,tywin,1
cersei,oberyn,1
stannis,varys,1
jaime,varys,1
clegane,jaime,1
cersei,nage,1
catelyn,vargo,1
gregor,samwell,1
jaime,mace,1
cersei,mother,1
mother,osmund,1
jaime,mord,1
gregor,loras,1
mace,red,1
jaime,oberyn,1
brienne,walder,1
bertram,piper,1
hamish,sansa,1
renly,symon,1
bastard,edric,1
addam,mathis,1
baelor,daeron,1
baelor,viserys,1
oberyn,viserys,1
kaeth,oberyn,1
ellaria,shae,1
kaeth,osmund,1
arya,stannis,1
mathis,tywin,1
queen,sansa,1
aegon,daeron,1
daeron,paxter,1
jalabhar,tanda,1
ellaria,viserys,1
joanna,robert,1
dornish,sansa,1
dornish,moon,1
ilyn,podrick,1
podrick,sansa,1
aegon,podrick,1
brella,sansa,1
brella,tallad,1
chataya,shae,1
pycelle,shae,1
bronn,maegor,1
baelor,oberyn,1
sansa,theon,1
merryweather,sansa,1
forley,paxter,1
ellaria,mace,1
leonette,tyrion,1
sansa,septon,1
luthor,olenna,1
olenna,tyrion,1
kevan,olenna,1
jalabhar,lancel,1
elinor,gyles,1
satin,shae,1
podrick,shae,1
margaery,queen,1
black,randyll,1
margaery,mother,1
gregor,robb,1
sansa,stannis,1
jaime,podrick,1
addam,margaery,1
garlan,renly,1
queen,tommen,1
loras,meryn,1
margaery,rainbow,1
mace,tommen,1
renly,shae,1
rainbow,septon,1
davos,rolland,1
mad,melisandre,1
mance,othell,1
arthur,osmund,1
jonothor,lewyn,1
arthur,meryn,1
aemon,jaime,1
balon,tommen,1
meryn,sansa,1
osmund,stone,1
osmund,robert,1
jaime,osmund,1
aerys,boros,1
boros,cersei,1
boros,osmund,1
balon,boros,1
jacelyn,sansa,1
loras,osmund,1
garlan,meryn,1
osfryd,osmund,1
jaime,osney,1
aerys,arthur,1
jon,sumner,1
arthur,sumner,1
barristan,gerold,1
arthur,tywin,1
gerold,jaime,1
barristan,cersei,1
aerys,loras,1
fingers,sansa,1
blackshield,simon,1
alayne,lysa,1
jon,red,1
owen,robert,1
owen,wynton,1
robert,vardis,1
mother,robert,1
knight,lysa,1
grisel,lysa,1
robb,tyrion,1
petyr,sandor,1
corbray,petyr,1
sweet,yohn,1
margaery,stone,1
kella,lothor,1
loras,mace,1
aemon,ryam,1
lollys,loras,1
grisel,kella,1
sansa,stone,1
grisel,sansa,1
kella,petyr,1
corbray,sansa,1
bryen,grisel,1
bryen,mord,1
kella,mord,1
jason,robert,1
gerold,jeyne,1
hareth,zei,1
gurn,stone,1
addam,septon,1
oberyn,septon,1
mace,queen,1
dontos,tysha,1
gregor,kevan,1
cersei,tanda,1
cersei,lollys,1
bronn,stokeworth,1
kevan,podrick,1
addam,bronn,1
kevan,mace,1
catelyn,patrek,1
aerys,sansa,1
arryn,arya,1
marq,roslin,1
gendry,sansa,1
gendry,wenda,1
benjen,mormont,1
mance,spare,1
emrick,jon,1
arron,jack,1
satin,ygritte,1
jarl,mance,1
donal,mance,1
aegon,meryn,1
osney,tywin,1
cedrik,manfred,1
alayaya,chataya,1
duncan,lyonel,1
barristan,duncan,1
balon,barristan,1
duncan,sandor,1
aemon,darry,1
dornish,robert,1
amory,gregor,1
aegon,rhaenys,1
elia,margaery,1
myrcella,queen,1
dornish,myrcella,1
chataya,dornish,1
shae,tysha,1
oberyn,redwyne,1
tommen,varys,1
kevan,merryweather,1
kevan,pycelle,1
jothos,morros,1
estermont,galyeon,1
hobber,philip,1
dornish,redwyne,1
frenken,pycelle,1
frenken,varys,1
kevan,tyrion,1
jaime,roslin,1
aerys,pycelle,1
lymond,marq,1
alyn,elinor,1
arya,jaqen,1
hullen,yoren,1
harwin,sharna,1
arya,dontos,1
baelor,cersei,1
arya,willas,1
brandon,rickon,1
loras,queen,1
aegon,loras,1
naerys,sansa,1
aemon,loras,1
margaery,megga,1
tickler,tywin,1
arya,janna,1
leonette,sansa,1
margaery,satin,1
mormont,rattleshirt,1
jarl,varamyr,1
harma,jarl,1
dormund,munda,1
toregg,tormund,1
arya,ygritte,1
mance,weeper,1
jarl,tormund,1
meryn,queen,1
arya,jory,1
old,tom,1
harwin,lyanna,1
mawney,sam,1
grenn,small,1
mord,thoren,1
qhorin,sam,1
dywen,thoren,1
blane,grenn,1
maslyn,sam,1
dickon,mother,1
bernarr,black,1
harwin,samwell,1
greenbeard,hot,1
harwin,roose,1
gladden,raymun,1
anguy,greenbeard,1
amory,vargo,1
tom,tyroshi,1
anguy,jaime,1
jack-be-lucky,tom,1
arya,nymeria,1
harry,robert,1
gladden,thoros,1
alyn,thoros,1
darry,raymun,1
gregor,lothar,1
jon,thoren,1
gage,mikken,1
rickon,rodrik,1
hullen,jon,1
mother,utherydes,1
maege,torrhen,1
arya,rickard,1
catelyn,stannis,1
stone,tywin,1
catelyn,martyn,1
desmond,rymund,1
marq,patrek,1
grey,harwin,1
hot,lem,1
braavosi,harwin,1
arya,tyroshi,1
husband,joramun,1
chiswyck,lem,1
husband,sharna,1
hot,husband,1
husband,tom,1
anguy,hot,1
husband,vargo,1
arya,biter,1
lem,sharna,1
hot,roose,1
dornish,tom,1
hot,tom,1
cersei,mormont,1
galbart,jason,1
catelyn,jonos,1
catelyn,sybell,1
joramun,tormund,1
catelyn,torrhen,1
catelyn,rodrik,1
rickon,theon,1
grey,renly,1
randyll,tywin,1
brynden,tywin,1
hoster,rolph,1
rolph,theon,1
jon,walder,1
olyvar,ryman,1
jeyne,ryman,1
balon,theon,1
frey,mother,1
jeyne,rickon,1
black,rolph,1
jeyne,martyn,1
jeyne,perwyn,1
jason,tywin,1
catelyn,gawen,1
rollam,sybell,1
jeyne,sybell,1
catelyn,queen,1
alliser,dickon,1
sam,tywin,1
redwyne,varys,1
brynden,willem,1
aerys,cleos,1
jaime,jonquil,1
florian,jeyne,1
brandon,mother,1
queen,rollam,1
catelyn,rickard,1
aerys,karlon,1
rickard,robb,1
long,rickard,1
frey,rickard,1
rickard,willem,1
rodrik,walder,1
farman,tywin,1
edmure,harrion,1
brynden,roose,1
frey,genna,1
edmure,tywin,1
frey,willem,1
eddard,rickard,1
edmure,rickard,1
elwood,ned,1
catelyn,willem,1
jeyne,tion,1
raynald,sansa,1
cersei,joanna,1
myrcella,sansa,1
cleos,dornish,1
amory,urswyck,1
catelyn,lem,1
jaime,tom,1
greenbeard,harwin,1
anguy,gendry,1
tom,vance,1
harwin,tickler,1
erreg,tom,1
hoster,tom,1
ben,tom,1
beric,gendry,1
lem,wat,1
jack-be-lucky,piper,1
gregor,jack,1
hayford,tom,1
lem,robert,1
jack-be-lucky,maynard,1
arya,maynard,1
catelyn,tarth,1
mother,vargo,1
harren,vargo,1
catelyn,rorge,1
timeon,urswyck,1
biter,urswyck,1
tarbeck,tywin,1
farman,tarbeck,1
pycelle,rowan,1
mathis,redwyne,1
cersei,redwyne,1
garlan,rowan,1
doran,mace,1
kevan,myrcella,1
mace,septon,1
mace,robert,1
arryn,redwyne,1
cersei,paxter,1
arryn,rowan,1
mace,tyrion,1
lysa,redwyne,1
balon,of,1
kevan,sybell,1
eddard,robb,1
robert,roose,1
daven,forley,1
forley,tywin,1
mathis,robb,1
helman,paxter,1
gregor,robett,1
robett,tywin,1
redwyne,renly,1
mace,paxter,1
mace,pycelle,1
kevan,varys,1
fingers,jade,1
tyrek,tywin,1
mormont,old,1
jeyne,stannis,1
gawen,martyn,1
tyrion,young,1
eddard,tywin,1
lollys,tywin,1
leyton,tanda,1
tywin,yohn,1
jaime,lysa,1
aerys,lysa,1
blackwood,sansa,1
kevan,willas,1
cersei,willas,1
theon,tywin,1
balon,cersei,1
doran,paxter,1
hightower,robb,1
rowan,willas,1
horton,lyn,1
lysa,yohn,1
kevan,petyr,1
kevan,ned,1
kevan,redwyne,1
jacelyn,tywin,1
arya,syrio,1
sharna,tom,1
robb,roslin,1
jaqen,roose,1
cersei,maegor,1
iggo,tyrion,1
biter,septon,1
arya,shagwell,1
hot,jon,1
gendry,jon,1
hot,robb,1
hot,queen,1
jaqen,mother,1
arya,vargo,1
steelshanks,vargo,1
renly,tywin,1
bronn,jacelyn,1
addam,stannis,1
hoster,vyman,1
arryn,brandon,1
arryn,jon,1
edmure,tansy,1
catelyn,vyman,1
tywin,vyman,1
tansy,utherydes,1
tansy,violet,1
ned,tansy,1
hoster,tansy,1
mandon,tywin,1
addam,cersei,1
gendry,sharna,1
maegor,margaery,1
allard,davos,1
black,marya,1
dale,marya,1
black,devan,1
arianne,myrcella,1
dornish,rowan,1
baelish,roose,1
glover,gregor,1
helman,robett,1
robb,stannis,1
jaime,mandon,1
bronn,hayford,1
addam,jaime,1
podrick,rowan,1
bronn,mord,1
meryn,tywin,1
bronn,margaery,1
renly,tyrion,1
bronn,tommen,1
bronn,rosby,1
alayaya,tommen,1
alayaya,cersei,1
stannis,timett,1
black,shagga,1
mother,tansy,1
red,robin,1
desmond,hoster,1
blane,dirk,1
chett,grenn,1
grenn,red,1
aemon,clydas,1
ottyn,thoren,1
chett,yoren,1
bessa,walder,1
chett,tyroshi,1
chett,ollo,1
lark,ottyn,1
dywen,sweet,1
bannen,lark,1
dirk,softfoot,1
robin,ryger,1
chett,clubfoot,1
chett,jon,1
jon,ottyn,1
chett,mallador,1
ottyn,sweet,1
mallador,sweet,1
lark,thoren,1
mance,thoren,1
ben,royce,1
bannen,chett,1
aethan,dywen,1
giant,samwell,1
chett,grey,1
chett,giant,1
chett,dywen,1
cleos,robin,1
amory,brienne,1
cleos,tywin,1
cleos,roose,1
jonos,marq,1
bracken,tyrion,1
brandon,jaime,1
cleos,frey,1
jaime,selwyn,1
jaime,tully,1
emmon,tywin,1
cleos,emmon,1
catelyn,cleos,1
cersei,cleos,1
bannen,jarman,1
bessa,dywen,1
bessa,maslyn,1
mormont,small,1
mallador,mormont,1
chett,maslyn,1
brown,mormont,1
sawwood,sweet,1
chett,dirk,1
davos,matthos,1
aegon,margaery,1
florian,margaery,1
davos,marya,1
aegon,patchface,1
hal,jate,1
davos,jate,1
cortnay,cressen,1
melisandre,mother,1
hubard,sunglass,1
khorane,melisandre,1
allard,dale,1
black,ragged,1
khorane,patchface,1
davos,khorane,1
captain,stannis,1
black,tourmaline,1
aerys,khorane,1
bastard,cley,1
hother,mors,1
aemon,florian,1
meera,rickard,1
brandon,theon,1
hodor,robb,1
bastard,torrhen,1
daenerys,hodor,1
aegon,visenya,1
rhaenys,visenya,1
axell,brienne,1
cleos,red,1
jaime,thoros,1
brienne,frey,1
arya,tanda,1
symon,tyrion,1
alayaya,bronn,1
chataya,tyrion,1
loras,sandor,1
beldecar,shae,1
maegor,varys,1
janos,osmund,1
cersei,osmund,1
barristan,mandon,1
arryn,robert,1
aegon,varys,1
maegor,pycelle,1
cleos,varys,1
brienne,maegor,1
aegon,rhaegar,1
spare,tywin,1
ned,roland,1
gregor,maegor,1
elys,rossart,1
cleos,renly,1
aerys,ilyn,1
brienne,rhaegar,1
captain,xaro,1
drogo,temmo,1
margaery,sandor,1
rickard,sansa,1
qhorin,ragwyle,1
lenyl,qhorin,1
knight,willas,1
margaery,oberyn,1
brown,margaery,1
dontos,olenna,1
luthor,sansa,1
butterbumps,olenna,1
mace,renly,1
aegon,of,1
hoster,margaery,1
margaery,merryweather,1
arstan,temmo,1
meredyth,sansa,1
fossoway,leonette,1
janna,sansa,1
arryk,erryk,1
loras,satin,1
baelor,mace,1
loras,rainbow,1
renly,robar,1
robar,sansa,1
osfryd,redwyne,1
loras,maegor,1
ebben,qhorin,1
alfyn,weeper,1
orell,qhorin,1
ragwyle,rattleshirt,1
illyrio,jorah,1
mormont,viserys,1
arstan,illyrio,1
illyrio,robert,1
high,jhiqui,1
groleo,jorah,1
belwas,mormont,1
baelor,rhaegar,1
queen,rhaegar,1
rhaegar,richard,1
jorah,myles,1
aerys,jorah,1
daenerys,viserys,1
daenerys,jon,1
robert,tommen,1
orland,robert,1
long,robert,1
jon,tom,1
fat,jon,1
jarl,young,1
husband,tormund,1
orell,rattleshirt,1
lenyl,ragwyle,1
arya,jorah,1
arstan,sunset,1
blue,red,1
daemon,myles,1
tyrion,tytos,1
joanna,tywin,1
aerys,elia,1
elia,tyrion,1
addam,oberyn,1
podrick,stannis,1
harys,merlon,1
ellaria,red,1
jynessa,perros,1
larra,myria,1
dickon,mors,1
ryon,ulwyck,1
daeron,doran,1
oberyn,tremond,1
bronn,doran,1
doran,dornish,1
bronn,myrcella,1
bronn,uller,1
bronn,dornish,1
doran,stannis,1
doran,gyles,1
addam,jalabhar,1
gyles,vargo,1
roose,sansa,1
elia,jon,1
fat,willas,1
blue,kraznys,1
rorge,septon,1
gendry,greenbeard,1
anguy,clegane,1
clegane,mord,1
amory,mord,1
arya,mord,1
beric,mord,1
anguy,jack-be-lucky,1
lem,yoren,1
beric,greenbeard,1
burton,stannis,1
biter,sandor,1
septon,tom,1
oberyn,red,1
septon,shagwell,1
arya,septon,1
septon,thoros,1
jack,merrit,1
harwin,merrit,1
jack-be-lucky,ned,1
kyle,thoros,1
kyle,lem,1
gendry,mudge,1
dick,thoros,1
arya,kyle,1
catelyn,walton,1
steelshanks,walton,1
darry,vargo,1
davos,grey,1
florent,melisandre,1
jaime,jon,1
davos,selyse,1
aerys,davos,1
axell,salladhor,1
ardrian,axell,1
baelor,davos,1
belgrave,davos,1
davos,estermont,1
ashford,randyll,1
grandison,shireen,1
axell,stone,1
rickard,tywin,1
axell,lamprey,1
alester,axell,1
lamprey,selyse,1
lothar,theon,1
brynden,frey,1
rosby,walder,1
bethany,roslin,1
edmure,walder,1
brynden,theon,1
ramsay,roose,1
hodor,walder,1
devan,melisandre,1
aegon,stannis,1
robert,varys,1
stannis,sunglass,1
alys,vargo,1
brienne,stannis,1
stannis,vargo,1
tywin,vargo,1
elmar,jaime,1
brienne,elmar,1
frey,roose,1
brienne,jeyne,1
jaime,jeyne,1
fat,jaime,1
alys,jaime,1
edmure,vargo,1
amory,roose,1
robert,rossart,1
aerys,lewyn,1
belis,robert,1
rossart,varys,1
aerys,rickard,1
aerys,belis,1
barristan,elia,1
aerys,daemon,1
brienne,robert,1
melisandre,patchface,1
baelor,thoros,1
arya,merrit,1
harwin,jayde,1
allyria,gendry,1
aerys,mord,1
robb,rorge,1
qyburn,roose,1
robb,vance,1
brynden,tom,1
merrit,thoros,1
gendry,hoster,1
gendry,notch,1
arya,notch,1
brandon,dornish,1
ashara,ned,1
arya,ashara,1
jon,thoros,1
arthur,ashara,1
jon,wylla,1
edric,gendry,1
ned,wylla,1
arya,wylla,1
jeyne,loras,1
chiswyck,weese,1
arya,green,1
mudge,watty,1
notch,watty,1
ned,watty,1
selwyn,vargo,1
tarbeck,tytos,1
steelshanks,tywin,1
jaime,lann,1
dacey,jaime,1
brienne,maege,1
brienne,edmure,1
edmure,robin,1
queen,walder,1
catelyn,raynald,1
olyvar,rollam,1
eleyna,jeyne,1
grey,robett,1
galbart,martyn,1
jeyne,raynald,1
jeyne,rolph,1
jeyne,walder,1
satin,steelshanks,1
jaime,rorge,1
qyburn,walton,1
jaime,marwyn,1
arthur,ned,1
lewyn,rhaegar,1
darry,robert,1
arthur,gerold,1
jon,oswell,1
eddard,jaime,1
jenny,thoros,1
thoros,tobho,1
alayaya,jack-be-lucky,1
big,mance,1
grigg,styr,1
quort,stone,1
big,grigg,1
bodger,henk,1
bodger,del,1
grigg,quort,1
albett,halder,1
septon,wynton,1
qhorin,ygritte,1
styr,wet,1
ned,ygritte,1
great,jon,1
daenerys,missandei,1
jojen,rickon,1
alysanne,jojen,1
jojen,queen,1
brandon,queen,1
likely,watty,1
harwin,septon,1
dunsen,tickler,1
arya,queen,1
clegane,notch,1
beardless,clegane,1
sandor,watty,1
old,ygritte,1
alysanne,jaehaerys,1
styr,ygritte,1
bodger,jon,1
grey,irri,1
dornish,viserys,1
arthur,lyanna,1
jaime,simon,1
arstan,robert,1
drogo,jhiqui,1
arstan,mirri,1
daario,mormont,1
mormont,tyroshi,1
grey,rhaegar,1
jhogo,jorah,1
grazdan,rakharo,1
grazdan,grey,1
jorah,prendahl,1
braavosi,mero,1
bastard,jhiqui,1
daario,mero,1
belwas,sallor,1
drogo,prendahl,1
daenerys,prendahl,1
jhiqui,sallor,1
jorah,rakharo,1
daenerys,grey,1
farlen,old,1
mikken,septon,1
beth,catelyn,1
dontos,moon,1
tom,wilbert,1
arya,wilbert,1
denys,robert,1
harwin,robert,1
queen,tywin,1
rowan,tallad,1
jalabhar,redwyne,1
kevan,tommen,1
garlan,leonette,1
garth,sansa,1
garlan,knight,1
jalabhar,kevan,1
queen,willas,1
megga,merryweather,1
megga,sansa,1
rainbow,tyrion,1
ermesande,tanda,1
gyles,jalabhar,1
bronn,philip,1
addam,varys,1
balon,dontos,1
dontos,eddard,1
lancel,willas,1
meryn,tyrion,1
arya,lanna,1
sansa,syrio,1
arya,leslyn,1
gendry,robert,1
bronn,jaime,1
stannis,urswyck,1
roose,tywin,1
jaime,ned,1
roose,vargo,1
ned,shagwell,1
aenys,robb,1
aenys,selwyn,1
black,brienne,1
robin,zollo,1
urswyck,vargo,1
aerys,timeon,1
brienne,shagwell,1
errok,jarl,1
errok,stone,1
jon,stone,1
jon,stonesnake,1
jarl,stonesnake,1
benjen,brandon,1
gendry,jarl,1
gendry,ilyn,1
harwin,tansy,1
bella,gendry,1
dontos,margaery,1
sansa,satin,1
martyn,robb,1
porridge,salladhor,1
alester,tywin,1
florent,stannis,1
monford,sunglass,1
maric,melisandre,1
davos,ryam,1
porridge,selyse,1
lamprey,porridge,1
azor,melisandre,1
davos,guncer,1
davos,hubard,1
porridge,sunglass,1
devan,lamprey,1
jhiqui,jhogo,1
black,davos,1
barristan,meera,1
frey,little,1
old,walder,1
osha,rhaegar,1
mormont,rhaegar,1
aegon,kraznys,1
groleo,jhiqui,1
arstan,drogo,1
aegon,daenerys,1
kraznys,robert,1
davos,tywin,1
shireen,tommen,1
davos,tommen,1
aerion,axell,1
irri,kraznys,1
grazdan,rhaegar,1
belwas,jhiqui,1
grazdan,jorah,1
jorah,missandei,1
drogo,groleo,1
irri,jhogo,1
jorah,mago,1
kraznys,rakharo,1
jorah,mormont,1
jhiqui,kraznys,1
grazdan,groleo,1
grazdan,viserys,1
captain,grazdan,1
kraznys,mormont,1
grazdan,jon,1
gendel,jarl,1
grigg,jon,1
denys,styr,1
arson,ygritte,1
alfyn,jon,1
eddard,ygritte,1
florent,ghost,1
bronn,preston,1
cersei,varys,1
brynden,rodrik,1
robert,sandor,1
gendry,mycah,1
lem,sandor,1
clegane,robert,1
greenbeard,mycah,1
harsley,nolla,1
anvil,randa,1
matt,tom,1
jack-be-lucky,lucas,1
lennocks,lister,1
gladden,harwin,1
aegon,clegane,1
jack-be-lucky,robert,1
byam,dirk,1
arya,darry,1
greenbeard,lem,1
arya,sam,1
nella,sam,1
ferny,sam,1
dyah,sam,1
jorah,sam,1
byam,ollo,1
craster,rolley,1
mormont,ollo,1
garth,mormont,1
kyle,ned,1
ned,thoros,1
arya,dondarrion,1
greenbeard,sandor,1
rickard,stone,1
hoster,rollam,1
balon,robert,1
arya,mother,1
jaime,rickon,1
arya,tyrion,1
mother,robb,1
brienne,ned,1
martyn,rickon,1
galbart,helman,1
randyll,robett,1
jon,raynald,1
catelyn,rollam,1
jeyne,mother,1
lothar,queen,1
lothar,rolph,1
cleos,jason,1
brynden,edmure,1
catelyn,red,1
desmond,walder,1
vance,walder,1
blackwood,catelyn,1
clegane,tom,1
craster,sweet,1
byam,craster,1
kevan,lollys,1
mormont,renly,1
black,clubfoot,1
garth,sam,1
brown,byam,1
bannen,fornio,1
brown,sam,1
bedwyck,giant,1
bannen,samwell,1
samwell,symon,1
allar,pycelle,1
janos,mormont,1
mormont,pycelle,1
jeor,pycelle,1
garth,orphan,1
bowen,pycelle,1
moon,septon,1
tommen,tywin,1
bronn,hamish,1
symon,tyroshi,1
collio,hamish,1
hamish,orland,1
aemon,symon,1
shae,silver,1
bronn,visenya,1
aegon,bronn,1
ronnel,sam,1
craster,tim,1
donnel,dornish,1
dick,fletcher,1
dirk,mormont,1
clubfoot,sam,1
clubfoot,mormont,1
orphan,sam,1
bannen,mormont,1
garth,tim,1
bannen,grenn,1
craster,thoren,1
dywen,mormont,1
ghost,sam,1
jon,small,1
bannen,qhorin,1
alan,sweet,1
garth,ronnel,1
mormont,muttering,1
dywen,small,1
black,rolley,1
alliser,grenn,1
bedwyck,grenn,1
alan,sam,1
sam,sweet,1
fletcher,wenda,1
oswyn,simon,1
bastard,merrett,1
